{
  "Non-Incremental BLS": {
    "rmse_mean": 2.6088058785748927,
    "rmse_std": 0.18716211092823523,
    "time_mean": 0.01770159700148118,
    "time_std": 0.0036058534544274805,
    "rmses": [
      2.8090815928193407,
      2.6585403416574906,
      2.3587957012478467
    ],
    "times": [
      0.022704875002091285,
      0.016053583000029903,
      0.014346333002322353
    ]
  },
  "Incremental BLS": {
    "rmse_mean": 12.373951890091696,
    "rmse_std": 2.591489865981646,
    "time_mean": 0.07702786100223118,
    "time_std": 0.0010470210253294547,
    "rmses": [
      15.19190068389165,
      12.994288468589378,
      8.935666517794061
    ],
    "times": [
      0.0762168750006822,
      0.07636045800609281,
      0.07850624999991851
    ]
  },
  "Approximation Method": {
    "rmse_mean": 3.0181027900660946,
    "rmse_std": 0.12926116071179458,
    "time_mean": 0.037456833000760525,
    "time_std": 0.0009241673016404633,
    "rmses": [
      2.843721762342353,
      3.152791876331243,
      3.0577947315246874
    ],
    "times": [
      0.038727541003027,
      0.037086249998537824,
      0.03655670800071675
    ]
  },
  "TiBLS": {
    "rmse_mean": 2.6058950922370188,
    "rmse_std": 0.19332695106220482,
    "time_mean": 0.047754805666045286,
    "time_std": 0.0006824482583688556,
    "rmses": [
      2.812719788040206,
      2.657339529511121,
      2.3476259591597297
    ],
    "times": [
      0.04871949999505887,
      0.047247417001926806,
      0.04729750000115018
    ]
  },
  "RI-BLS": {
    "rmse_mean": 2.6088061663757443,
    "rmse_std": 0.18716235891154717,
    "time_mean": 0.025196305333035223,
    "time_std": 8.799767050054523e-05,
    "rmses": [
      2.8090775309924596,
      2.6585476280084195,
      2.358793340126353
    ],
    "times": [
      0.025177374998747837,
      0.025099250000494067,
      0.025312290999863762
    ]
  },
  "IMF-BLS (Ours)": {
    "rmse_mean": 2.608806601677347,
    "rmse_std": 0.1871628266713087,
    "time_mean": 0.12924483333335957,
    "time_std": 0.0009769167266520963,
    "rmses": [
      2.8090785465602224,
      2.6585480678349667,
      2.358793190636851
    ],
    "times": [
      0.12824725000245962,
      0.12891587500052992,
      0.13057137499708915
    ]
  }
}