{
  "experiment": "table6@abalone",
  "group_by": "method",
  "summary": {
    "Non-Incremental BLS": {
      "count": 3,
      "elapsed_s": {
        "mean": 1.1404889999999999,
        "std": 0.01682916494264245,
        "min": 1.119469,
        "max": 1.160666,
        "last": 1.160666
      },
      "repeat": {
        "mean": 1.0,
        "std": 0.816496580927726,
        "min": 0.0,
        "max": 2.0,
        "last": 2.0
      },
      "rmse": {
        "mean": 2.6088058785748927,
        "std": 0.18716211092823523,
        "min": 2.3587957012478467,
        "max": 2.8090815928193407,
        "last": 2.3587957012478467
      },
      "time": {
        "mean": 0.01770159700148118,
        "std": 0.0036058534544274805,
        "min": 0.014346333002322353,
        "max": 0.022704875002091285,
        "last": 0.014346333002322353
      }
    },
    "Incremental BLS": {
      "count": 3,
      "elapsed_s": {
        "mean": 1.3253626666666667,
        "std": 0.06785931354566505,
        "min": 1.242574,
        "max": 1.408791,
        "last": 1.408791
      },
      "repeat": {
        "mean": 1.0,
        "std": 0.816496580927726,
        "min": 0.0,
        "max": 2.0,
        "last": 2.0
      },
      "rmse": {
        "mean": 12.373951890091696,
        "std": 2.591489865981646,
        "min": 8.935666517794061,
        "max": 15.19190068389165,
        "last": 8.935666517794061
      },
      "time": {
        "mean": 0.07702786100223118,
        "std": 0.0010470210253294547,
        "min": 0.0762168750006822,
        "max": 0.07850624999991851,
        "last": 0.07850624999991851
      }
    },
    "Approximation Method": {
      "count": 3,
      "elapsed_s": {
        "mean": 1.4962220000000002,
        "std": 0.03457373107818518,
        "min": 1.453711,
        "max": 1.538397,
        "last": 1.538397
      },
      "repeat": {
        "mean": 1.0,
        "std": 0.816496580927726,
        "min": 0.0,
        "max": 2.0,
        "last": 2.0
      },
      "rmse": {
        "mean": 3.0181027900660946,
        "std": 0.12926116071179458,
        "min": 2.843721762342353,
        "max": 3.152791876331243,
        "last": 3.0577947315246874
      },
      "time": {
        "mean": 0.037456833000760525,
        "std": 0.0009241673016404633,
        "min": 0.03655670800071675,
        "max": 0.038727541003027,
        "last": 0.03655670800071675
      }
    },
    "TiBLS": {
      "count": 3,
      "elapsed_s": {
        "mean": 1.6456983333333335,
        "std": 0.04318042975186274,
        "min": 1.592832,
        "max": 1.698602,
        "last": 1.698602
      },
      "repeat": {
        "mean": 1.0,
        "std": 0.816496580927726,
        "min": 0.0,
        "max": 2.0,
        "last": 2.0
      },
      "rmse": {
        "mean": 2.6058950922370188,
        "std": 0.19332695106220482,
        "min": 2.3476259591597297,
        "max": 2.812719788040206,
        "last": 2.3476259591597297
      },
      "time": {
        "mean": 0.047754805666045286,
        "std": 0.0006824482583688556,
        "min": 0.047247417001926806,
        "max": 0.04871949999505887,
        "last": 0.04729750000115018
      }
    },
    "RI-BLS": {
      "count": 3,
      "elapsed_s": {
        "mean": 1.760274,
        "std": 0.025174863270069018,
        "min": 1.729569,
        "max": 1.791233,
        "last": 1.791233
      },
      "repeat": {
        "mean": 1.0,
        "std": 0.816496580927726,
        "min": 0.0,
        "max": 2.0,
        "last": 2.0
      },
      "rmse": {
        "mean": 2.6088061663757443,
        "std": 0.18716235891154717,
        "min": 2.358793340126353,
        "max": 2.8090775309924596,
        "last": 2.358793340126353
      },
      "time": {
        "mean": 0.025196305333035223,
        "std": 8.799767050054523e-05,
        "min": 0.025099250000494067,
        "max": 0.025312290999863762,
        "last": 0.025312290999863762
      }
    },
    "IMF-BLS (Ours)": {
      "count": 3,
      "elapsed_s": {
        "mean": 2.059927,
        "std": 0.11042356661812132,
        "min": 1.925016,
        "max": 2.195495,
        "last": 2.195495
      },
      "repeat": {
        "mean": 1.0,
        "std": 0.816496580927726,
        "min": 0.0,
        "max": 2.0,
        "last": 2.0
      },
      "rmse": {
        "mean": 2.608806601677347,
        "std": 0.1871628266713087,
        "min": 2.358793190636851,
        "max": 2.8090785465602224,
        "last": 2.358793190636851
      },
      "time": {
        "mean": 0.12924483333335957,
        "std": 0.0009769167266520963,
        "min": 0.12824725000245962,
        "max": 0.13057137499708915,
        "last": 0.13057137499708915
      }
    }
  }
}