{
  "Non-Incremental BLS": {
    "metric_per_step": [
      0.84625
    ],
    "time_per_step": [
      0.02327316699665971
    ],
    "final_metric": 0.84625,
    "total_time": 0.02327316699665971,
    "metric_name": "accuracy"
  },
  "Incremental BLS": {
    "metric_per_step": [
      0.5975,
      0.34625,
      0.3125,
      0.29625,
      0.29375
    ],
    "time_per_step": [
      0.0104165830052807,
      0.02333520799584221,
      0.03235116599535104,
      0.043865708001249004,
      0.05238870799803408
    ],
    "final_metric": 0.29375,
    "total_time": 0.16235737299575703,
    "metric_name": "accuracy"
  },
  "TiBLS": {
    "metric_per_step": [
      0.5975,
      0.78125,
      0.8275,
      0.82875,
      0.84625
    ],
    "time_per_step": [
      0.009999750000133645,
      0.01971025000239024,
      0.019704040998476557,
      0.020149374999164138,
      0.0195973750014673
    ],
    "final_metric": 0.84625,
    "total_time": 0.08916079100163188,
    "metric_name": "accuracy"
  },
  "Approximation Method": {
    "metric_per_step": [
      0.5975,
      0.64875,
      0.70875,
      0.74625,
      0.7525
    ],
    "time_per_step": [
      0.010571208003966603,
      0.011748083001293708,
      0.010203999998338986,
      0.009945916004653554,
      0.01019879199884599
    ],
    "final_metric": 0.7525,
    "total_time": 0.05266799900709884,
    "metric_name": "accuracy"
  },
  "RI-BLS": {
    "metric_per_step": [
      0.5975,
      0.78125,
      0.8275,
      0.82875,
      0.84625
    ],
    "time_per_step": [
      0.006742917001247406,
      0.006329499999992549,
      0.006605458998819813,
      0.00603341699752491,
      0.006508833001134917
    ],
    "final_metric": 0.84625,
    "total_time": 0.032220125998719595,
    "metric_name": "accuracy"
  },
  "IMF-BLS (Ours)": {
    "metric_per_step": [
      0.5975,
      0.78125,
      0.8275,
      0.82875,
      0.84625
    ],
    "time_per_step": [
      0.03231479199894238,
      0.03152945799956797,
      0.03046441600599792,
      0.031657625004299916,
      0.03243454200128326
    ],
    "final_metric": 0.84625,
    "total_time": 0.15840083301009145,
    "metric_name": "accuracy"
  }
}