{
  "experiment": "table5@waveform",
  "group_by": "method",
  "summary": {
    "Non-Incremental BLS": {
      "count": 1,
      "elapsed_s": {
        "mean": 0.040493,
        "std": 0.0,
        "min": 0.040493,
        "max": 0.040493,
        "last": 0.040493
      },
      "final_metric": {
        "mean": 0.84625,
        "std": 0.0,
        "min": 0.84625,
        "max": 0.84625,
        "last": 0.84625
      },
      "total_time": {
        "mean": 0.02327316699665971,
        "std": 0.0,
        "min": 0.02327316699665971,
        "max": 0.02327316699665971,
        "last": 0.02327316699665971
      }
    },
    "Incremental BLS": {
      "count": 1,
      "elapsed_s": {
        "mean": 0.218793,
        "std": 0.0,
        "min": 0.218793,
        "max": 0.218793,
        "last": 0.218793
      },
      "final_metric": {
        "mean": 0.29375,
        "std": 0.0,
        "min": 0.29375,
        "max": 0.29375,
        "last": 0.29375
      },
      "total_time": {
        "mean": 0.16235737299575703,
        "std": 0.0,
        "min": 0.16235737299575703,
        "max": 0.16235737299575703,
        "last": 0.16235737299575703
      }
    },
    "TiBLS": {
      "count": 1,
      "elapsed_s": {
        "mean": 0.324131,
        "std": 0.0,
        "min": 0.324131,
        "max": 0.324131,
        "last": 0.324131
      },
      "final_metric": {
        "mean": 0.84625,
        "std": 0.0,
        "min": 0.84625,
        "max": 0.84625,
        "last": 0.84625
      },
      "total_time": {
        "mean": 0.08916079100163188,
        "std": 0.0,
        "min": 0.08916079100163188,
        "max": 0.08916079100163188,
        "last": 0.08916079100163188
      }
    },
    "Approximation Method": {
      "count": 1,
      "elapsed_s": {
        "mean": 0.394125,
        "std": 0.0,
        "min": 0.394125,
        "max": 0.394125,
        "last": 0.394125
      },
      "final_metric": {
        "mean": 0.7525,
        "std": 0.0,
        "min": 0.7525,
        "max": 0.7525,
        "last": 0.7525
      },
      "total_time": {
        "mean": 0.05266799900709884,
        "std": 0.0,
        "min": 0.05266799900709884,
        "max": 0.05266799900709884,
        "last": 0.05266799900709884
      }
    },
    "RI-BLS": {
      "count": 1,
      "elapsed_s": {
        "mean": 0.443962,
        "std": 0.0,
        "min": 0.443962,
        "max": 0.443962,
        "last": 0.443962
      },
      "final_metric": {
        "mean": 0.84625,
        "std": 0.0,
        "min": 0.84625,
        "max": 0.84625,
        "last": 0.84625
      },
      "total_time": {
        "mean": 0.032220125998719595,
        "std": 0.0,
        "min": 0.032220125998719595,
        "max": 0.032220125998719595,
        "last": 0.032220125998719595
      }
    },
    "IMF-BLS (Ours)": {
      "count": 1,
      "elapsed_s": {
        "mean": 0.618508,
        "std": 0.0,
        "min": 0.618508,
        "max": 0.618508,
        "last": 0.618508
      },
      "final_metric": {
        "mean": 0.84625,
        "std": 0.0,
        "min": 0.84625,
        "max": 0.84625,
        "last": 0.84625
      },
      "total_time": {
        "mean": 0.15840083301009145,
        "std": 0.0,
        "min": 0.15840083301009145,
        "max": 0.15840083301009145,
        "last": 0.15840083301009145
      }
    }
  }
}