{
  "Non-Incremental BLS": {
    "metric_per_step": [
      0.9959310344827587
    ],
    "time_per_step": [
      1.9258600829998613
    ],
    "final_metric": 0.9959310344827587,
    "total_time": 1.9258600829998613,
    "metric_name": "accuracy"
  },
  "Incremental BLS": {
    "metric_per_step": [
      0.9946896551724138,
      0.00296551724137931,
      0.002758620689655172,
      0.003310344827586207,
      0.7711724137931034
    ],
    "time_per_step": [
      1.0179409160045907,
      11.448851082997862,
      14.89895654200518,
      18.388699833994906,
      21.81143566600076
    ],
    "final_metric": 0.7711724137931034,
    "total_time": 67.5658840410033,
    "metric_name": "accuracy"
  },
  "TiBLS": {
    "metric_per_step": [
      0.9946896551724138,
      0.9955862068965518,
      0.9957241379310345,
      0.9956551724137931,
      0.9959310344827587
    ],
    "time_per_step": [
      0.6663239579938818,
      9.19456779200118,
      9.236498041995219,
      9.224588709003001,
      9.244315582996933
    ],
    "final_metric": 0.9959310344827587,
    "total_time": 37.566294083990215,
    "metric_name": "accuracy"
  },
  "Approximation Method": {
    "metric_per_step": [
      0.9946896551724138,
      0.9951724137931034,
      0.9953793103448276,
      0.9952413793103448,
      0.9953103448275862
    ],
    "time_per_step": [
      1.0230088329990394,
      1.0217393749990151,
      1.0151867499953369,
      1.0138368749976507,
      1.017608583002584
    ],
    "final_metric": 0.9953103448275862,
    "total_time": 5.091380415993626,
    "metric_name": "accuracy"
  },
  "RI-BLS": {
    "metric_per_step": [
      0.9946896551724138,
      0.9955862068965518,
      0.9957241379310345,
      0.9955862068965518,
      0.9959310344827587
    ],
    "time_per_step": [
      0.4785822499979986,
      0.4715490829985356,
      0.4739810419996502,
      0.4745236250018934,
      0.4794154580013128
    ],
    "final_metric": 0.9959310344827587,
    "total_time": 2.3780514579993905,
    "metric_name": "accuracy"
  },
  "IMF-BLS (Ours)": {
    "metric_per_step": [
      0.9946896551724138,
      0.9955862068965518,
      0.9957241379310345,
      0.9955862068965518,
      0.9959310344827587
    ],
    "time_per_step": [
      2.927139791994705,
      2.935671250001178,
      2.9361192080032197,
      2.9150552499995683,
      2.9165906659982284
    ],
    "final_metric": 0.9959310344827587,
    "total_time": 14.6305761659969,
    "metric_name": "accuracy"
  }
}