{
  "experiment": "table5@shuttle",
  "group_by": "method",
  "summary": {
    "Non-Incremental BLS": {
      "count": 1,
      "elapsed_s": {
        "mean": 2.246513,
        "std": 0.0,
        "min": 2.246513,
        "max": 2.246513,
        "last": 2.246513
      },
      "final_metric": {
        "mean": 0.9959310344827587,
        "std": 0.0,
        "min": 0.9959310344827587,
        "max": 0.9959310344827587,
        "last": 0.9959310344827587
      },
      "total_time": {
        "mean": 1.9258600829998613,
        "std": 0.0,
        "min": 1.9258600829998613,
        "max": 1.9258600829998613,
        "last": 1.9258600829998613
      }
    },
    "Incremental BLS": {
      "count": 1,
      "elapsed_s": {
        "mean": 70.988445,
        "std": 0.0,
        "min": 70.988445,
        "max": 70.988445,
        "last": 70.988445
      },
      "final_metric": {
        "mean": 0.7711724137931034,
        "std": 0.0,
        "min": 0.7711724137931034,
        "max": 0.7711724137931034,
        "last": 0.7711724137931034
      },
      "total_time": {
        "mean": 67.5658840410033,
        "std": 0.0,
        "min": 67.5658840410033,
        "max": 67.5658840410033,
        "last": 67.5658840410033
      }
    },
    "TiBLS": {
      "count": 1,
      "elapsed_s": {
        "mean": 109.687584,
        "std": 0.0,
        "min": 109.687584,
        "max": 109.687584,
        "last": 109.687584
      },
      "final_metric": {
        "mean": 0.9959310344827587,
        "std": 0.0,
        "min": 0.9959310344827587,
        "max": 0.9959310344827587,
        "last": 0.9959310344827587
      },
      "total_time": {
        "mean": 37.566294083990215,
        "std": 0.0,
        "min": 37.566294083990215,
        "max": 37.566294083990215,
        "last": 37.566294083990215
      }
    },
    "Approximation Method": {
      "count": 1,
      "elapsed_s": {
        "mean": 115.920817,
        "std": 0.0,
        "min": 115.920817,
        "max": 115.920817,
        "last": 115.920817
      },
      "final_metric": {
        "mean": 0.9953103448275862,
        "std": 0.0,
        "min": 0.9953103448275862,
        "max": 0.9953103448275862,
        "last": 0.9953103448275862
      },
      "total_time": {
        "mean": 5.091380415993626,
        "std": 0.0,
        "min": 5.091380415993626,
        "max": 5.091380415993626,
        "last": 5.091380415993626
      }
    },
    "RI-BLS": {
      "count": 1,
      "elapsed_s": {
        "mean": 119.445549,
        "std": 0.0,
        "min": 119.445549,
        "max": 119.445549,
        "last": 119.445549
      },
      "final_metric": {
        "mean": 0.9959310344827587,
        "std": 0.0,
        "min": 0.9959310344827587,
        "max": 0.9959310344827587,
        "last": 0.9959310344827587
      },
      "total_time": {
        "mean": 2.3780514579993905,
        "std": 0.0,
        "min": 2.3780514579993905,
        "max": 2.3780514579993905,
        "last": 2.3780514579993905
      }
    },
    "IMF-BLS (Ours)": {
      "count": 1,
      "elapsed_s": {
        "mean": 135.222259,
        "std": 0.0,
        "min": 135.222259,
        "max": 135.222259,
        "last": 135.222259
      },
      "final_metric": {
        "mean": 0.9959310344827587,
        "std": 0.0,
        "min": 0.9959310344827587,
        "max": 0.9959310344827587,
        "last": 0.9959310344827587
      },
      "total_time": {
        "mean": 14.6305761659969,
        "std": 0.0,
        "min": 14.6305761659969,
        "max": 14.6305761659969,
        "last": 14.6305761659969
      }
    }
  }
}