{
  "Non-Incremental BLS": {
    "rmse_mean": 90.93468251540828,
    "rmse_std": 0.04870762576844639,
    "time_mean": 0.07267804166622227,
    "time_std": 0.00011965489895990672,
    "rmses": [
      91.00195349314593,
      90.8882169494678,
      90.91387710361114
    ],
    "times": [
      0.07251425000140443,
      0.07279674999881536,
      0.07272312499844702
    ]
  },
  "Incremental BLS": {
    "rmse_mean": 835.7369430139001,
    "rmse_std": 80.2753841490357,
    "time_mean": 2.749440111333873,
    "time_std": 0.015292417819010893,
    "rmses": [
      825.3278267379916,
      743.0387755811184,
      938.8442267225904
    ],
    "times": [
      2.761626959007117,
      2.7278742079943186,
      2.7588191670001834
    ]
  },
  "Approximation Method": {
    "rmse_mean": 92.42741065690052,
    "rmse_std": 0.06130829989984988,
    "time_mean": 0.154682027665937,
    "time_std": 0.0014133360536989356,
    "rmses": [
      92.50880691260288,
      92.36084655481403,
      92.41257850328462
    ],
    "times": [
      0.15269516599801136,
      0.15586404199711978,
      0.15548687500267988
    ]
  },
  "TiBLS": {
    "rmse_mean": 90.93286376561474,
    "rmse_std": 0.04913467190456201,
    "time_mean": 1.7538116530001087,
    "time_std": 0.008694806998724646,
    "rmses": [
      91.001165497351,
      90.8876458741243,
      90.90977992536892
    ],
    "times": [
      1.746823041998141,
      1.7660677500025486,
      1.7485441669996362
    ]
  },
  "RI-BLS": {
    "rmse_mean": 90.93468781781094,
    "rmse_std": 0.04869143468755754,
    "time_mean": 0.0773457920004148,
    "time_std": 0.0010650114046171675,
    "rmses": [
      91.00194066361519,
      90.88825222763215,
      90.91387056218548
    ],
    "times": [
      0.07884604200080503,
      0.07648029200208839,
      0.07671104199835099
    ]
  },
  "IMF-BLS (Ours)": {
    "rmse_mean": 90.93469000266482,
    "rmse_std": 0.04869477120741991,
    "time_mean": 0.42328876366567175,
    "time_std": 0.009078690610586984,
    "rmses": [
      91.00194693054176,
      90.88824942126546,
      90.91387365618726
    ],
    "times": [
      0.43611308300023666,
      0.416341290998389,
      0.41741191699838964
    ]
  }
}