{
  "experiment": "table6@appliances_energy",
  "group_by": "method",
  "summary": {
    "Non-Incremental BLS": {
      "count": 3,
      "elapsed_s": {
        "mean": 0.22835899999999998,
        "std": 0.06867929368206016,
        "min": 0.144165,
        "max": 0.312394,
        "last": 0.312394
      },
      "repeat": {
        "mean": 1.0,
        "std": 0.816496580927726,
        "min": 0.0,
        "max": 2.0,
        "last": 2.0
      },
      "rmse": {
        "mean": 90.93468251540828,
        "std": 0.04870762576844639,
        "min": 90.8882169494678,
        "max": 91.00195349314593,
        "last": 90.91387710361114
      },
      "time": {
        "mean": 0.07267804166622227,
        "std": 0.00011965489895990672,
        "min": 0.07251425000140443,
        "max": 0.07279674999881536,
        "last": 0.07272312499844702
      }
    },
    "Incremental BLS": {
      "count": 3,
      "elapsed_s": {
        "mean": 5.839535000000001,
        "std": 2.250743518557516,
        "min": 3.088228,
        "max": 8.601371,
        "last": 8.601371
      },
      "repeat": {
        "mean": 1.0,
        "std": 0.816496580927726,
        "min": 0.0,
        "max": 2.0,
        "last": 2.0
      },
      "rmse": {
        "mean": 835.7369430139001,
        "std": 80.2753841490357,
        "min": 743.0387755811184,
        "max": 938.8442267225904,
        "last": 938.8442267225904
      },
      "time": {
        "mean": 2.749440111333873,
        "std": 0.015292417819010893,
        "min": 2.7278742079943186,
        "max": 2.761626959007117,
        "last": 2.7588191670001834
      }
    },
    "Approximation Method": {
      "count": 3,
      "elapsed_s": {
        "mean": 8.935177666666666,
        "std": 0.13719208927955326,
        "min": 8.766967,
        "max": 9.103017,
        "last": 9.103017
      },
      "repeat": {
        "mean": 1.0,
        "std": 0.816496580927726,
        "min": 0.0,
        "max": 2.0,
        "last": 2.0
      },
      "rmse": {
        "mean": 92.42741065690052,
        "std": 0.06130829989984988,
        "min": 92.36084655481403,
        "max": 92.50880691260288,
        "last": 92.41257850328462
      },
      "time": {
        "mean": 0.154682027665937,
        "std": 0.0014133360536989356,
        "min": 0.15269516599801136,
        "max": 0.15586404199711978,
        "last": 0.15548687500267988
      }
    },
    "TiBLS": {
      "count": 3,
      "elapsed_s": {
        "mean": 12.633266999999998,
        "std": 1.444465998720173,
        "min": 10.861233,
        "max": 14.399423,
        "last": 14.399423
      },
      "repeat": {
        "mean": 1.0,
        "std": 0.816496580927726,
        "min": 0.0,
        "max": 2.0,
        "last": 2.0
      },
      "rmse": {
        "mean": 90.93286376561474,
        "std": 0.04913467190456201,
        "min": 90.8876458741243,
        "max": 91.001165497351,
        "last": 90.90977992536892
      },
      "time": {
        "mean": 1.7538116530001087,
        "std": 0.008694806998724646,
        "min": 1.746823041998141,
        "max": 1.7660677500025486,
        "last": 1.7485441669996362
      }
    },
    "RI-BLS": {
      "count": 3,
      "elapsed_s": {
        "mean": 14.578896666666667,
        "std": 0.07222736822162547,
        "min": 14.490513,
        "max": 14.667433,
        "last": 14.667433
      },
      "repeat": {
        "mean": 1.0,
        "std": 0.816496580927726,
        "min": 0.0,
        "max": 2.0,
        "last": 2.0
      },
      "rmse": {
        "mean": 90.93468781781094,
        "std": 0.04869143468755754,
        "min": 90.88825222763215,
        "max": 91.00194066361519,
        "last": 90.91387056218548
      },
      "time": {
        "mean": 0.0773457920004148,
        "std": 0.0010650114046171675,
        "min": 0.07648029200208839,
        "max": 0.07884604200080503,
        "last": 0.07671104199835099
      }
    },
    "IMF-BLS (Ours)": {
      "count": 3,
      "elapsed_s": {
        "mean": 15.544257666666667,
        "std": 0.35003828464929676,
        "min": 15.115714,
        "max": 15.973129,
        "last": 15.973129
      },
      "repeat": {
        "mean": 1.0,
        "std": 0.816496580927726,
        "min": 0.0,
        "max": 2.0,
        "last": 2.0
      },
      "rmse": {
        "mean": 90.93469000266482,
        "std": 0.04869477120741991,
        "min": 90.88824942126546,
        "max": 91.00194693054176,
        "last": 90.91387365618726
      },
      "time": {
        "mean": 0.42328876366567175,
        "std": 0.009078690610586984,
        "min": 0.416341290998389,
        "max": 0.43611308300023666,
        "last": 0.41741191699838964
      }
    }
  }
}