{
  "Non-Incremental BLS": {
    "metric_per_step": [
      0.96425
    ],
    "time_per_step": [
      0.7262490420034737
    ],
    "final_metric": 0.96425,
    "total_time": 0.7262490420034737,
    "metric_name": "accuracy"
  },
  "Incremental BLS": {
    "metric_per_step": [
      0.833,
      0.377,
      0.08925,
      0.061,
      0.051
    ],
    "time_per_step": [
      0.4983932079994702,
      1.1561018339998554,
      1.6569509580003796,
      2.1395976249987143,
      2.6519930840004236
    ],
    "final_metric": 0.051,
    "total_time": 8.103036708998843,
    "metric_name": "accuracy"
  },
  "TiBLS": {
    "metric_per_step": [
      0.833,
      0.926,
      0.95175,
      0.96025,
      0.96425
    ],
    "time_per_step": [
      0.48111212499497924,
      1.0230572910004412,
      1.023102207996999,
      1.022034541994799,
      1.0381500000003143
    ],
    "final_metric": 0.96425,
    "total_time": 4.587456165987533,
    "metric_name": "accuracy"
  },
  "Approximation Method": {
    "metric_per_step": [
      0.833,
      0.89225,
      0.91325,
      0.9275,
      0.93275
    ],
    "time_per_step": [
      0.49312958299560705,
      0.5060891249959241,
      0.5095268750010291,
      0.5192420419989503,
      0.5124105840004631
    ],
    "final_metric": 0.93275,
    "total_time": 2.5403982089919737,
    "metric_name": "accuracy"
  },
  "RI-BLS": {
    "metric_per_step": [
      0.833,
      0.926,
      0.95175,
      0.96025,
      0.96425
    ],
    "time_per_step": [
      0.28527999999641906,
      0.2905550409996067,
      0.29156249999505235,
      0.2920864999978221,
      0.2897941249975702
    ],
    "final_metric": 0.96425,
    "total_time": 1.4492781659864704,
    "metric_name": "accuracy"
  },
  "IMF-BLS (Ours)": {
    "metric_per_step": [
      0.833,
      0.926,
      0.95175,
      0.96025,
      0.96425
    ],
    "time_per_step": [
      1.473796083999332,
      1.4682207919977373,
      1.4611309580068337,
      1.4617243750035414,
      1.4619177079948713
    ],
    "final_metric": 0.96425,
    "total_time": 7.326789917002316,
    "metric_name": "accuracy"
  }
}