{
  "experiment": "table5@letter",
  "group_by": "method",
  "summary": {
    "Non-Incremental BLS": {
      "count": 1,
      "elapsed_s": {
        "mean": 0.842916,
        "std": 0.0,
        "min": 0.842916,
        "max": 0.842916,
        "last": 0.842916
      },
      "final_metric": {
        "mean": 0.96425,
        "std": 0.0,
        "min": 0.96425,
        "max": 0.96425,
        "last": 0.96425
      },
      "total_time": {
        "mean": 0.7262490420034737,
        "std": 0.0,
        "min": 0.7262490420034737,
        "max": 0.7262490420034737,
        "last": 0.7262490420034737
      }
    },
    "Incremental BLS": {
      "count": 1,
      "elapsed_s": {
        "mean": 9.279704,
        "std": 0.0,
        "min": 9.279704,
        "max": 9.279704,
        "last": 9.279704
      },
      "final_metric": {
        "mean": 0.051,
        "std": 0.0,
        "min": 0.051,
        "max": 0.051,
        "last": 0.051
      },
      "total_time": {
        "mean": 8.103036708998843,
        "std": 0.0,
        "min": 8.103036708998843,
        "max": 8.103036708998843,
        "last": 8.103036708998843
      }
    },
    "TiBLS": {
      "count": 1,
      "elapsed_s": {
        "mean": 14.185452,
        "std": 0.0,
        "min": 14.185452,
        "max": 14.185452,
        "last": 14.185452
      },
      "final_metric": {
        "mean": 0.96425,
        "std": 0.0,
        "min": 0.96425,
        "max": 0.96425,
        "last": 0.96425
      },
      "total_time": {
        "mean": 4.587456165987533,
        "std": 0.0,
        "min": 4.587456165987533,
        "max": 4.587456165987533,
        "last": 4.587456165987533
      }
    },
    "Approximation Method": {
      "count": 1,
      "elapsed_s": {
        "mean": 17.045787,
        "std": 0.0,
        "min": 17.045787,
        "max": 17.045787,
        "last": 17.045787
      },
      "final_metric": {
        "mean": 0.93275,
        "std": 0.0,
        "min": 0.93275,
        "max": 0.93275,
        "last": 0.93275
      },
      "total_time": {
        "mean": 2.5403982089919737,
        "std": 0.0,
        "min": 2.5403982089919737,
        "max": 2.5403982089919737,
        "last": 2.5403982089919737
      }
    },
    "RI-BLS": {
      "count": 1,
      "elapsed_s": {
        "mean": 18.812509,
        "std": 0.0,
        "min": 18.812509,
        "max": 18.812509,
        "last": 18.812509
      },
      "final_metric": {
        "mean": 0.96425,
        "std": 0.0,
        "min": 0.96425,
        "max": 0.96425,
        "last": 0.96425
      },
      "total_time": {
        "mean": 1.4492781659864704,
        "std": 0.0,
        "min": 1.4492781659864704,
        "max": 1.4492781659864704,
        "last": 1.4492781659864704
      }
    },
    "IMF-BLS (Ours)": {
      "count": 1,
      "elapsed_s": {
        "mean": 26.458557,
        "std": 0.0,
        "min": 26.458557,
        "max": 26.458557,
        "last": 26.458557
      },
      "final_metric": {
        "mean": 0.96425,
        "std": 0.0,
        "min": 0.96425,
        "max": 0.96425,
        "last": 0.96425
      },
      "total_time": {
        "mean": 7.326789917002316,
        "std": 0.0,
        "min": 7.326789917002316,
        "max": 7.326789917002316,
        "last": 7.326789917002316
      }
    }
  }
}