{
  "Non-Incremental BLS": {
    "rmse_mean": 0.008655707473643191,
    "rmse_std": 0.0012116293903335182,
    "time_mean": 0.0015288196664187126,
    "time_std": 9.857246675430486e-05,
    "rmses": [
      0.010261085373454201,
      0.007334231459154584,
      0.008371805588320786
    ],
    "times": [
      0.0015688329949625768,
      0.0016244590005953796,
      0.0013931670036981814
    ]
  },
  "Incremental BLS": {
    "rmse_mean": 0.008655707210210176,
    "rmse_std": 0.001211628500881601,
    "time_mean": 0.0015785829988696303,
    "time_std": 0.00016991379559515746,
    "rmses": [
      0.010261084099011067,
      0.007334232470789448,
      0.00837180506083001
    ],
    "times": [
      0.00165095799457049,
      0.0013439579997793771,
      0.0017408330022590235
    ]
  },
  "Approximation Method": {
    "rmse_mean": 0.006501461750687142,
    "rmse_std": 0.0003343858163139087,
    "time_mean": 0.0008878333319444209,
    "time_std": 9.20069809128799e-05,
    "rmses": [
      0.006962561313464867,
      0.006361803146716784,
      0.006180020791879776
    ],
    "times": [
      0.0007577500000479631,
      0.0009554579955874942,
      0.0009502920001978055
    ]
  },
  "TiBLS": {
    "rmse_mean": 0.008648424501412419,
    "rmse_std": 0.0010037037802997609,
    "time_mean": 0.0021365416687331162,
    "time_std": 9.018968350118142e-05,
    "rmses": [
      0.010060054529639224,
      0.007813739725763038,
      0.008071479248834997
    ],
    "times": [
      0.002263499998662155,
      0.0020836670009884983,
      0.0020624580065486953
    ]
  },
  "RI-BLS": {
    "rmse_mean": 0.008655707988939186,
    "rmse_std": 0.001211630016516714,
    "time_mean": 0.0025078886683331802,
    "time_std": 0.00010330031205633238,
    "rmses": [
      0.010261086801511115,
      0.0073342314427824505,
      0.00837180572252399
    ],
    "times": [
      0.002633208001498133,
      0.0025102500003413297,
      0.002380208003160078
    ]
  },
  "IMF-BLS (Ours)": {
    "rmse_mean": 0.008655708569264777,
    "rmse_std": 0.0012116292883914005,
    "time_mean": 0.012925124998825291,
    "time_std": 0.0006661234237570836,
    "rmses": [
      0.01026108604889633,
      0.0073342321468170225,
      0.008371807512080977
    ],
    "times": [
      0.013793416997941677,
      0.012807416002033278,
      0.01217454199650092
    ]
  }
}