{
  "experiment": "table6@bodyfat",
  "group_by": "method",
  "summary": {
    "Non-Incremental BLS": {
      "count": 3,
      "elapsed_s": {
        "mean": 0.32550266666666666,
        "std": 0.0015075044131131277,
        "min": 0.323611,
        "max": 0.3273,
        "last": 0.3273
      },
      "repeat": {
        "mean": 1.0,
        "std": 0.816496580927726,
        "min": 0.0,
        "max": 2.0,
        "last": 2.0
      },
      "rmse": {
        "mean": 0.008655707473643191,
        "std": 0.0012116293903335182,
        "min": 0.007334231459154584,
        "max": 0.010261085373454201,
        "last": 0.008371805588320786
      },
      "time": {
        "mean": 0.0015288196664187126,
        "std": 9.857246675430486e-05,
        "min": 0.0013931670036981814,
        "max": 0.0016244590005953796,
        "last": 0.0013931670036981814
      }
    },
    "Incremental BLS": {
      "count": 3,
      "elapsed_s": {
        "mean": 0.33136733333333335,
        "std": 0.0016012337604345984,
        "min": 0.329473,
        "max": 0.333389,
        "last": 0.333389
      },
      "repeat": {
        "mean": 1.0,
        "std": 0.816496580927726,
        "min": 0.0,
        "max": 2.0,
        "last": 2.0
      },
      "rmse": {
        "mean": 0.008655707210210176,
        "std": 0.001211628500881601,
        "min": 0.007334232470789448,
        "max": 0.010261084099011067,
        "last": 0.00837180506083001
      },
      "time": {
        "mean": 0.0015785829988696303,
        "std": 0.00016991379559515746,
        "min": 0.0013439579997793771,
        "max": 0.0017408330022590235,
        "last": 0.0017408330022590235
      }
    },
    "Approximation Method": {
      "count": 3,
      "elapsed_s": {
        "mean": 0.33591566666666667,
        "std": 0.001093293901727947,
        "min": 0.334579,
        "max": 0.337257,
        "last": 0.337257
      },
      "repeat": {
        "mean": 1.0,
        "std": 0.816496580927726,
        "min": 0.0,
        "max": 2.0,
        "last": 2.0
      },
      "rmse": {
        "mean": 0.006501461750687142,
        "std": 0.0003343858163139087,
        "min": 0.006180020791879776,
        "max": 0.006962561313464867,
        "last": 0.006180020791879776
      },
      "time": {
        "mean": 0.0008878333319444209,
        "std": 9.20069809128799e-05,
        "min": 0.0007577500000479631,
        "max": 0.0009554579955874942,
        "last": 0.0009502920001978055
      }
    },
    "TiBLS": {
      "count": 3,
      "elapsed_s": {
        "mean": 0.3425483333333334,
        "std": 0.001984190235055311,
        "min": 0.340104,
        "max": 0.344964,
        "last": 0.344964
      },
      "repeat": {
        "mean": 1.0,
        "std": 0.816496580927726,
        "min": 0.0,
        "max": 2.0,
        "last": 2.0
      },
      "rmse": {
        "mean": 0.008648424501412419,
        "std": 0.0010037037802997609,
        "min": 0.007813739725763038,
        "max": 0.010060054529639224,
        "last": 0.008071479248834997
      },
      "time": {
        "mean": 0.0021365416687331162,
        "std": 9.018968350118142e-05,
        "min": 0.0020624580065486953,
        "max": 0.002263499998662155,
        "last": 0.0020624580065486953
      }
    },
    "RI-BLS": {
      "count": 3,
      "elapsed_s": {
        "mean": 0.3509276666666667,
        "std": 0.0023170461559686105,
        "min": 0.348052,
        "max": 0.353726,
        "last": 0.353726
      },
      "repeat": {
        "mean": 1.0,
        "std": 0.816496580927726,
        "min": 0.0,
        "max": 2.0,
        "last": 2.0
      },
      "rmse": {
        "mean": 0.008655707988939186,
        "std": 0.001211630016516714,
        "min": 0.0073342314427824505,
        "max": 0.010261086801511115,
        "last": 0.00837180572252399
      },
      "time": {
        "mean": 0.0025078886683331802,
        "std": 0.00010330031205633238,
        "min": 0.002380208003160078,
        "max": 0.002633208001498133,
        "last": 0.002380208003160078
      }
    },
    "IMF-BLS (Ours)": {
      "count": 3,
      "elapsed_s": {
        "mean": 0.3810983333333333,
        "std": 0.010626719228226332,
        "min": 0.36797,
        "max": 0.393997,
        "last": 0.393997
      },
      "repeat": {
        "mean": 1.0,
        "std": 0.816496580927726,
        "min": 0.0,
        "max": 2.0,
        "last": 2.0
      },
      "rmse": {
        "mean": 0.008655708569264777,
        "std": 0.0012116292883914005,
        "min": 0.0073342321468170225,
        "max": 0.01026108604889633,
        "last": 0.008371807512080977
      },
      "time": {
        "mean": 0.012925124998825291,
        "std": 0.0006661234237570836,
        "min": 0.01217454199650092,
        "max": 0.013793416997941677,
        "last": 0.01217454199650092
      }
    }
  }
}