{
  "Non-Incremental BLS": {
    "metric_per_step": [
      0.9802744425385935
    ],
    "time_per_step": [
      0.07301491600082954
    ],
    "final_metric": 0.9802744425385935,
    "total_time": 0.07301491600082954,
    "metric_name": "accuracy"
  },
  "Incremental BLS": {
    "metric_per_step": [
      0.9456832475700401,
      0.2835906232132647,
      0.1566609491137793,
      0.13064608347627216,
      0.11320754716981132
    ],
    "time_per_step": [
      0.03372174999822164,
      0.1088129579948145,
      0.14821108400064986,
      0.19356804100243608,
      0.23129387500375742
    ],
    "final_metric": 0.11320754716981132,
    "total_time": 0.7156077079998795,
    "metric_name": "accuracy"
  },
  "TiBLS": {
    "metric_per_step": [
      0.9456832475700401,
      0.9754145225843339,
      0.9788450543167524,
      0.9802744425385935,
      0.9802744425385935
    ],
    "time_per_step": [
      0.028549540998938028,
      0.0896816249951371,
      0.08633291599835502,
      0.08624933299870463,
      0.08795533399825217
    ],
    "final_metric": 0.9802744425385935,
    "total_time": 0.37876874898938695,
    "metric_name": "accuracy"
  },
  "Approximation Method": {
    "metric_per_step": [
      0.9456832475700401,
      0.965980560320183,
      0.9705546026300743,
      0.9708404802744426,
      0.9708404802744426
    ],
    "time_per_step": [
      0.03429270799824735,
      0.033194000003277324,
      0.0334086659931927,
      0.03401391700026579,
      0.03322725000180071
    ],
    "final_metric": 0.9708404802744426,
    "total_time": 0.16813654099678388,
    "metric_name": "accuracy"
  },
  "RI-BLS": {
    "metric_per_step": [
      0.9456832475700401,
      0.9751286449399656,
      0.9788450543167524,
      0.9802744425385935,
      0.9802744425385935
    ],
    "time_per_step": [
      0.018988875002833083,
      0.018075416002830025,
      0.01908812500187196,
      0.017960083001526073,
      0.018338542002311442
    ],
    "final_metric": 0.9802744425385935,
    "total_time": 0.09245104101137258,
    "metric_name": "accuracy"
  },
  "IMF-BLS (Ours)": {
    "metric_per_step": [
      0.9456832475700401,
      0.9751286449399656,
      0.9788450543167524,
      0.9802744425385935,
      0.9802744425385935
    ],
    "time_per_step": [
      0.11344608299987158,
      0.11335162499744911,
      0.11127108299842803,
      0.11030979100178229,
      0.10996837499988033
    ],
    "final_metric": 0.9802744425385935,
    "total_time": 0.5583469569974113,
    "metric_name": "accuracy"
  }
}