{
  "experiment": "table5@pendigits",
  "group_by": "method",
  "summary": {
    "Non-Incremental BLS": {
      "count": 1,
      "elapsed_s": {
        "mean": 0.104672,
        "std": 0.0,
        "min": 0.104672,
        "max": 0.104672,
        "last": 0.104672
      },
      "final_metric": {
        "mean": 0.9802744425385935,
        "std": 0.0,
        "min": 0.9802744425385935,
        "max": 0.9802744425385935,
        "last": 0.9802744425385935
      },
      "total_time": {
        "mean": 0.07301491600082954,
        "std": 0.0,
        "min": 0.07301491600082954,
        "max": 0.07301491600082954,
        "last": 0.07301491600082954
      }
    },
    "Incremental BLS": {
      "count": 1,
      "elapsed_s": {
        "mean": 0.921327,
        "std": 0.0,
        "min": 0.921327,
        "max": 0.921327,
        "last": 0.921327
      },
      "final_metric": {
        "mean": 0.11320754716981132,
        "std": 0.0,
        "min": 0.11320754716981132,
        "max": 0.11320754716981132,
        "last": 0.11320754716981132
      },
      "total_time": {
        "mean": 0.7156077079998795,
        "std": 0.0,
        "min": 0.7156077079998795,
        "max": 0.7156077079998795,
        "last": 0.7156077079998795
      }
    },
    "TiBLS": {
      "count": 1,
      "elapsed_s": {
        "mean": 1.396605,
        "std": 0.0,
        "min": 1.396605,
        "max": 1.396605,
        "last": 1.396605
      },
      "final_metric": {
        "mean": 0.9802744425385935,
        "std": 0.0,
        "min": 0.9802744425385935,
        "max": 0.9802744425385935,
        "last": 0.9802744425385935
      },
      "total_time": {
        "mean": 0.37876874898938695,
        "std": 0.0,
        "min": 0.37876874898938695,
        "max": 0.37876874898938695,
        "last": 0.37876874898938695
      }
    },
    "Approximation Method": {
      "count": 1,
      "elapsed_s": {
        "mean": 1.662878,
        "std": 0.0,
        "min": 1.662878,
        "max": 1.662878,
        "last": 1.662878
      },
      "final_metric": {
        "mean": 0.9708404802744426,
        "std": 0.0,
        "min": 0.9708404802744426,
        "max": 0.9708404802744426,
        "last": 0.9708404802744426
      },
      "total_time": {
        "mean": 0.16813654099678388,
        "std": 0.0,
        "min": 0.16813654099678388,
        "max": 0.16813654099678388,
        "last": 0.16813654099678388
      }
    },
    "RI-BLS": {
      "count": 1,
      "elapsed_s": {
        "mean": 1.85247,
        "std": 0.0,
        "min": 1.85247,
        "max": 1.85247,
        "last": 1.85247
      },
      "final_metric": {
        "mean": 0.9802744425385935,
        "std": 0.0,
        "min": 0.9802744425385935,
        "max": 0.9802744425385935,
        "last": 0.9802744425385935
      },
      "total_time": {
        "mean": 0.09245104101137258,
        "std": 0.0,
        "min": 0.09245104101137258,
        "max": 0.09245104101137258,
        "last": 0.09245104101137258
      }
    },
    "IMF-BLS (Ours)": {
      "count": 1,
      "elapsed_s": {
        "mean": 2.506663,
        "std": 0.0,
        "min": 2.506663,
        "max": 2.506663,
        "last": 2.506663
      },
      "final_metric": {
        "mean": 0.9802744425385935,
        "std": 0.0,
        "min": 0.9802744425385935,
        "max": 0.9802744425385935,
        "last": 0.9802744425385935
      },
      "total_time": {
        "mean": 0.5583469569974113,
        "std": 0.0,
        "min": 0.5583469569974113,
        "max": 0.5583469569974113,
        "last": 0.5583469569974113
      }
    }
  }
}