{
  "Non-Incremental BLS": {
    "metric_per_step": [
      0.732125
    ],
    "time_per_step": [
      3.0413112500027637
    ],
    "final_metric": 0.732125,
    "total_time": 3.0413112500027637,
    "metric_name": "accuracy"
  },
  "Incremental BLS": {
    "metric_per_step": [
      0.39375,
      0.09925,
      0.0995,
      0.10675,
      0.1055
    ],
    "time_per_step": [
      1.9764140830011456,
      6.1841685000035795,
      8.89075033399422,
      11.831698249996407,
      14.409315084005357
    ],
    "final_metric": 0.1055,
    "total_time": 43.29234625100071,
    "metric_name": "accuracy"
  },
  "TiBLS": {
    "metric_per_step": [
      0.39375,
      0.682,
      0.7155,
      0.727,
      0.732125
    ],
    "time_per_step": [
      1.8517273750039749,
      5.380916833993979,
      5.343270041994401,
      5.353056542000559,
      5.334061333000136
    ],
    "final_metric": 0.732125,
    "total_time": 23.26303212599305,
    "metric_name": "accuracy"
  },
  "Approximation Method": {
    "metric_per_step": [
      0.39375,
      0.496125,
      0.557625,
      0.600875,
      0.634625
    ],
    "time_per_step": [
      1.9971138750042883,
      1.9866370419986197,
      1.9819693749959697,
      1.9867335419985466,
      1.9896299579995684
    ],
    "final_metric": 0.634625,
    "total_time": 9.942083791996993,
    "metric_name": "accuracy"
  },
  "RI-BLS": {
    "metric_per_step": [
      0.39375,
      0.682,
      0.7155,
      0.727,
      0.732125
    ],
    "time_per_step": [
      1.0814696250017732,
      1.0880815000055009,
      1.072178458001872,
      1.0668858329954674,
      1.0785303749944433
    ],
    "final_metric": 0.732125,
    "total_time": 5.387145790999057,
    "metric_name": "accuracy"
  },
  "IMF-BLS (Ours)": {
    "metric_per_step": [
      0.39375,
      0.682,
      0.7155,
      0.727,
      0.732125
    ],
    "time_per_step": [
      5.958148666999477,
      5.974403084001096,
      5.929461666004499,
      5.974822333002521,
      5.958463499999198
    ],
    "final_metric": 0.732125,
    "total_time": 29.795299250006792,
    "metric_name": "accuracy"
  }
}