{
  "experiment": "table5@led",
  "group_by": "method",
  "summary": {
    "Non-Incremental BLS": {
      "count": 1,
      "elapsed_s": {
        "mean": 3.268155,
        "std": 0.0,
        "min": 3.268155,
        "max": 3.268155,
        "last": 3.268155
      },
      "final_metric": {
        "mean": 0.732125,
        "std": 0.0,
        "min": 0.732125,
        "max": 0.732125,
        "last": 0.732125
      },
      "total_time": {
        "mean": 3.0413112500027637,
        "std": 0.0,
        "min": 3.0413112500027637,
        "max": 3.0413112500027637,
        "last": 3.0413112500027637
      }
    },
    "Incremental BLS": {
      "count": 1,
      "elapsed_s": {
        "mean": 47.624451,
        "std": 0.0,
        "min": 47.624451,
        "max": 47.624451,
        "last": 47.624451
      },
      "final_metric": {
        "mean": 0.1055,
        "std": 0.0,
        "min": 0.1055,
        "max": 0.1055,
        "last": 0.1055
      },
      "total_time": {
        "mean": 43.29234625100071,
        "std": 0.0,
        "min": 43.29234625100071,
        "max": 43.29234625100071,
        "last": 43.29234625100071
      }
    },
    "TiBLS": {
      "count": 1,
      "elapsed_s": {
        "mean": 71.956156,
        "std": 0.0,
        "min": 71.956156,
        "max": 71.956156,
        "last": 71.956156
      },
      "final_metric": {
        "mean": 0.732125,
        "std": 0.0,
        "min": 0.732125,
        "max": 0.732125,
        "last": 0.732125
      },
      "total_time": {
        "mean": 23.26303212599305,
        "std": 0.0,
        "min": 23.26303212599305,
        "max": 23.26303212599305,
        "last": 23.26303212599305
      }
    },
    "Approximation Method": {
      "count": 1,
      "elapsed_s": {
        "mean": 82.94193,
        "std": 0.0,
        "min": 82.94193,
        "max": 82.94193,
        "last": 82.94193
      },
      "final_metric": {
        "mean": 0.634625,
        "std": 0.0,
        "min": 0.634625,
        "max": 0.634625,
        "last": 0.634625
      },
      "total_time": {
        "mean": 9.942083791996993,
        "std": 0.0,
        "min": 9.942083791996993,
        "max": 9.942083791996993,
        "last": 9.942083791996993
      }
    },
    "RI-BLS": {
      "count": 1,
      "elapsed_s": {
        "mean": 89.383312,
        "std": 0.0,
        "min": 89.383312,
        "max": 89.383312,
        "last": 89.383312
      },
      "final_metric": {
        "mean": 0.732125,
        "std": 0.0,
        "min": 0.732125,
        "max": 0.732125,
        "last": 0.732125
      },
      "total_time": {
        "mean": 5.387145790999057,
        "std": 0.0,
        "min": 5.387145790999057,
        "max": 5.387145790999057,
        "last": 5.387145790999057
      }
    },
    "IMF-BLS (Ours)": {
      "count": 1,
      "elapsed_s": {
        "mean": 120.211779,
        "std": 0.0,
        "min": 120.211779,
        "max": 120.211779,
        "last": 120.211779
      },
      "final_metric": {
        "mean": 0.732125,
        "std": 0.0,
        "min": 0.732125,
        "max": 0.732125,
        "last": 0.732125
      },
      "total_time": {
        "mean": 29.795299250006792,
        "std": 0.0,
        "min": 29.795299250006792,
        "max": 29.795299250006792,
        "last": 29.795299250006792
      }
    }
  }
}